sp_corrmatrix,subj,cond
0.36110533829351,C1,CONTROL
-0.400777949906625,C1,CONTROL
0.100419285714519,C1,CONTROL
0.693455096838347,C1,CONTROL
-8.63061299564323E-05,C1,CONTROL
-0.592228179996431,C1,CONTROL
0.493461378576102,C1,CONTROL
-0.265780995944927,C1,CONTROL
-0.649188061212521,C1,CONTROL
-0.196598001017706,C1,CONTROL
0.390539236625853,C1,CONTROL
0.284172382703253,C1,CONTROL
-0.0865656201966164,C1,CONTROL
0.209780076200204,C1,CONTROL
0.0220856235041017,C1,CONTROL
-0.21763360124792,C1,CONTROL
-0.425474908625025,C1,CONTROL
-0.35470607312791,C1,CONTROL
-0.444086372195491,C1,CONTROL
0.20874041642922,C1,CONTROL
-0.546190327952439,C1,CONTROL
0.0577879254808007,C1,CONTROL
0.78729334839026,C1,CONTROL
-0.665330600899627,C1,CONTROL
-0.323606205000564,C1,CONTROL
0.358843558717323,C1,CONTROL
-0.288787792911872,C1,CONTROL
0.0105080965448022,C1,CONTROL
-0.554317716187107,C1,CONTROL
-0.128464204555928,C1,CONTROL
-0.261063892706866,C1,CONTROL
-0.476531106581175,C1,CONTROL
-0.084949015834173,C1,CONTROL
0.253099814857014,C1,CONTROL
-0.183550814743364,C1,CONTROL
-0.625260425077417,C1,CONTROL
0.708816338659031,C1,CONTROL
-0.0989086008113129,C1,CONTROL
-0.520957626284534,C1,CONTROL
0.130871820674739,C1,CONTROL
0.24614615711438,C1,CONTROL
0.0638717308159499,C1,CONTROL
0.362545399239277,C1,CONTROL
-0.0763288345786592,C1,CONTROL
-0.495093427037364,C1,CONTROL
-0.616156449474284,C1,CONTROL
0.0228735760333337,C1,CONTROL
0.653016321401964,C1,CONTROL
-0.22169322047221,C1,CONTROL
0.319144854834468,C1,CONTROL
-0.417597561779522,C1,CONTROL
0.128153815870408,C1,CONTROL
0.385215220889534,C1,CONTROL
0.219298364013661,C1,CONTROL
0.249185673102748,C1,CONTROL
0.517573627081056,C2,CONTROL
-0.347338979014089,C2,CONTROL
0.234134596897182,C2,CONTROL
0.769526556056961,C2,CONTROL
0.0251485569770915,C2,CONTROL
-0.636575169854994,C2,CONTROL
0.504415251858048,C2,CONTROL
-0.446021429223521,C2,CONTROL
-0.642315054620448,C2,CONTROL
-0.270929431402385,C2,CONTROL
0.368357274458606,C2,CONTROL
0.257686261978248,C2,CONTROL
0.189812107605965,C2,CONTROL
0.202710565277678,C2,CONTROL
-0.139605677906065,C2,CONTROL
-0.13531422663719,C2,CONTROL
-0.504378970828708,C2,CONTROL
-0.466781357871885,C2,CONTROL
-0.515200223656554,C2,CONTROL
0.248793585672607,C2,CONTROL
-0.537241784389378,C2,CONTROL
-0.0362923603002172,C2,CONTROL
0.666775908374642,C2,CONTROL
-0.661918909363019,C2,CONTROL
-0.243963211594029,C2,CONTROL
0.236573135946635,C2,CONTROL
-0.18133031668711,C2,CONTROL
-0.0794281551907892,C2,CONTROL
-0.569565898877559,C2,CONTROL
-0.174369964302914,C2,CONTROL
-0.196591185441796,C2,CONTROL
-0.420454270929556,C2,CONTROL
-0.150941516844814,C2,CONTROL
0.195488091463998,C2,CONTROL
0.16729522999444,C2,CONTROL
-0.628001935509316,C2,CONTROL
0.768884891557923,C2,CONTROL
-0.210607428061819,C2,CONTROL
-0.57189828447896,C2,CONTROL
-0.171735893675074,C2,CONTROL
0.218010241716176,C2,CONTROL
0.0987237645837182,C2,CONTROL
0.239914089455093,C2,CONTROL
-0.0856096136421875,C2,CONTROL
-0.499658845711589,C2,CONTROL
-0.597937646230052,C2,CONTROL
0.20764305924633,C2,CONTROL
0.649159476458935,C2,CONTROL
-0.0398283281136302,C2,CONTROL
0.179092372191943,C2,CONTROL
-0.387663211907702,C2,CONTROL
0.113167279130342,C2,CONTROL
0.467016475747448,C2,CONTROL
0.333613561639449,C2,CONTROL
0.373594860211558,C2,CONTROL
0.440810954470451,C3,CONTROL
-0.154352472555546,C3,CONTROL
0.289505448236279,C3,CONTROL
0.437603217362219,C3,CONTROL
-0.0867360682446297,C3,CONTROL
-0.416565567907122,C3,CONTROL
0.0298067244795853,C3,CONTROL
-0.39110717605033,C3,CONTROL
-0.491148602222306,C3,CONTROL
-0.220072317109004,C3,CONTROL
0.329673339544319,C3,CONTROL
0.189448004644571,C3,CONTROL
0.210446197531441,C3,CONTROL
0.0614964507712447,C3,CONTROL
-0.0862801215390309,C3,CONTROL
-0.248001846949172,C3,CONTROL
-0.459297902659385,C3,CONTROL
-0.410131539899254,C3,CONTROL
-0.379735446527863,C3,CONTROL
0.167641951394849,C3,CONTROL
-0.431491115880387,C3,CONTROL
-0.027994989617907,C3,CONTROL
0.582911940903382,C3,CONTROL
-0.55415237195585,C3,CONTROL
-0.283259316443257,C3,CONTROL
0.157721486297991,C3,CONTROL
-0.184144108250544,C3,CONTROL
-0.151871319648656,C3,CONTROL
-0.49976652430526,C3,CONTROL
-0.171320808199427,C3,CONTROL
-0.110516229956987,C3,CONTROL
-0.394047748380668,C3,CONTROL
-0.176069558172041,C3,CONTROL
0.211917367970477,C3,CONTROL
0.361345177514781,C3,CONTROL
-0.487398658328657,C3,CONTROL
0.505374803643523,C3,CONTROL
-0.0166692701037448,C3,CONTROL
-0.503746865363593,C3,CONTROL
-0.259862249129622,C3,CONTROL
0.20824974563927,C3,CONTROL
0.0017825406264074,C3,CONTROL
0.192002330550499,C3,CONTROL
-0.0504950787845779,C3,CONTROL
-0.445041461846022,C3,CONTROL
-0.496449366736901,C3,CONTROL
0.0683757103845031,C3,CONTROL
0.557054271068975,C3,CONTROL
-0.120528446785815,C3,CONTROL
0.373701616641235,C3,CONTROL
-0.212178584768371,C3,CONTROL
0.323765552903247,C3,CONTROL
0.393994161246959,C3,CONTROL
0.169180099627027,C3,CONTROL
0.259831694386499,C3,CONTROL
0.110194707439829,C4,CONTROL
-0.517452573379985,C4,CONTROL
0.385119926896472,C4,CONTROL
0.840808688212281,C4,CONTROL
-0.265050385004809,C4,CONTROL
-0.67079076463414,C4,CONTROL
0.633707405893603,C4,CONTROL
-0.293898547592966,C4,CONTROL
-0.73118793547458,C4,CONTROL
0.167992826804282,C4,CONTROL
0.567668492724228,C4,CONTROL
0.087179682205884,C4,CONTROL
-0.0951549263357509,C4,CONTROL
0.387597934557506,C4,CONTROL
0.0592353051860944,C4,CONTROL
-0.36889861239457,C4,CONTROL
-0.380607118237544,C4,CONTROL
-0.207365072704213,C4,CONTROL
-0.565079470245296,C4,CONTROL
-0.00816804254776003,C4,CONTROL
-0.695460422054961,C4,CONTROL
0.301553848238187,C4,CONTROL
0.728142967488327,C4,CONTROL
-0.762323957302567,C4,CONTROL
-0.248567482897318,C4,CONTROL
0.447686257160222,C4,CONTROL
-0.436759714069235,C4,CONTROL
0.175867606082277,C4,CONTROL
-0.512255106895378,C4,CONTROL
-0.165008513926191,C4,CONTROL
0.0305573305012768,C4,CONTROL
-0.461376013732408,C4,CONTROL
-0.26187115464811,C4,CONTROL
0.304880828200911,C4,CONTROL
-0.139014702568052,C4,CONTROL
-0.745033560063264,C4,CONTROL
0.827982616708698,C4,CONTROL
-0.0276030347829102,C4,CONTROL
-0.704687130457901,C4,CONTROL
0.216553093588903,C4,CONTROL
0.266419025363462,C4,CONTROL
-0.205019488124917,C4,CONTROL
0.263934670558231,C4,CONTROL
0.158970509951924,C4,CONTROL
-0.489943433148755,C4,CONTROL
-0.664396838668171,C4,CONTROL
-0.0097980490168903,C4,CONTROL
0.783465635595263,C4,CONTROL
-0.182997350132739,C4,CONTROL
0.264017771876484,C4,CONTROL
-0.500140349472562,C4,CONTROL
0.357969313041014,C4,CONTROL
0.379272736705293,C4,CONTROL
0.0608495492068653,C4,CONTROL
0.041077197735773,C4,CONTROL
0.47273357600629,C5,CONTROL
-0.38702309999714,C5,CONTROL
-0.0570526706779347,C5,CONTROL
0.757411535775704,C5,CONTROL
0.139903057208779,C5,CONTROL
-0.628885530378424,C5,CONTROL
0.50408511995852,C5,CONTROL
-0.256708800176784,C5,CONTROL
-0.676889982585332,C5,CONTROL
-0.35061358082684,C5,CONTROL
0.331230952162365,C5,CONTROL
-0.0664244266036866,C5,CONTROL
0.108621838835248,C5,CONTROL
0.218303477030469,C5,CONTROL
-0.13965852860255,C5,CONTROL
-0.0971910005614111,C5,CONTROL
-0.368700154800957,C5,CONTROL
-0.357437734413401,C5,CONTROL
-0.397919542542721,C5,CONTROL
0.157946973227875,C5,CONTROL
-0.565387260765822,C5,CONTROL
-0.109725022081778,C5,CONTROL
0.732673647093614,C5,CONTROL
-0.609930358501785,C5,CONTROL
-0.262845218968313,C5,CONTROL
0.429299062020723,C5,CONTROL
-0.0378027921774566,C5,CONTROL
-0.0709654970777578,C5,CONTROL
-0.375986092429825,C5,CONTROL
0.122648330813132,C5,CONTROL
-0.224720545647138,C5,CONTROL
-0.317404772260318,C5,CONTROL
0.0074013749333699,C5,CONTROL
0.202107367362519,C5,CONTROL
0.125360838224569,C5,CONTROL
-0.692732304013052,C5,CONTROL
0.728448586723745,C5,CONTROL
-0.0663233687803358,C5,CONTROL
-0.656697682747092,C5,CONTROL
-0.167963414673396,C5,CONTROL
-0.172107354143312,C5,CONTROL
0.116980927102494,C5,CONTROL
0.285042838792936,C5,CONTROL
-0.173273749491747,C5,CONTROL
-0.371003415924907,C5,CONTROL
-0.610007360223477,C5,CONTROL
-0.0163175353325802,C5,CONTROL
0.771489580819071,C5,CONTROL
0.157728449094194,C5,CONTROL
0.246554095596413,C5,CONTROL
-0.475289470320585,C5,CONTROL
-0.0762990840174392,C5,CONTROL
0.376113040477708,C5,CONTROL
0.136910635061143,C5,CONTROL
0.330267838005931,C5,CONTROL
0.370257328332449,C6,CONTROL
-0.329929430452165,C6,CONTROL
0.31922175473036,C6,CONTROL
0.633320459716467,C6,CONTROL
0.0958781020896707,C6,CONTROL
-0.586423796812149,C6,CONTROL
0.315400182485972,C6,CONTROL
-0.345028025335799,C6,CONTROL
-0.626838018302957,C6,CONTROL
-0.379590889850945,C6,CONTROL
0.448542492518336,C6,CONTROL
0.592704648469614,C6,CONTROL
-0.120166463956438,C6,CONTROL
0.0194644373720595,C6,CONTROL
0.0050685322393001,C6,CONTROL
-0.357861822781344,C6,CONTROL
-0.534741564801327,C6,CONTROL
-0.321540924886708,C6,CONTROL
-0.375216368492637,C6,CONTROL
0.400915988196251,C6,CONTROL
-0.552643081835446,C6,CONTROL
-0.213851358333678,C6,CONTROL
0.594571016844363,C6,CONTROL
-0.625276950476441,C6,CONTROL
-0.331296659542144,C6,CONTROL
0.290901281158693,C6,CONTROL
-0.0787736674403591,C6,CONTROL
-0.119280628944269,C6,CONTROL
-0.418826390625591,C6,CONTROL
-0.15997117268342,C6,CONTROL
-0.380740215577805,C6,CONTROL
-0.516988284838686,C6,CONTROL
-0.226472613338296,C6,CONTROL
-0.0580609753378377,C6,CONTROL
0.170710840702955,C6,CONTROL
-0.503880839023226,C6,CONTROL
0.708393316785106,C6,CONTROL
-0.00101303052070423,C6,CONTROL
-0.497274049797071,C6,CONTROL
-0.241740848086057,C6,CONTROL
0.1466579025832,C6,CONTROL
0.230177968613753,C6,CONTROL
0.218507789623615,C6,CONTROL
-0.173945863821788,C6,CONTROL
-0.285237609901559,C6,CONTROL
-0.542906964679758,C6,CONTROL
0.0439688475752546,C6,CONTROL
0.623408553048708,C6,CONTROL
-0.0285860217300866,C6,CONTROL
0.421122711010605,C6,CONTROL
-0.329255046245452,C6,CONTROL
-0.003780827574077,C6,CONTROL
0.434817012258209,C6,CONTROL
0.479233035789783,C6,CONTROL
0.401015798768269,C6,CONTROL
0.482328174500797,C7,CONTROL
-0.343501635801977,C7,CONTROL
0.156516147572196,C7,CONTROL
0.653552924094156,C7,CONTROL
0.135367934092705,C7,CONTROL
-0.549763659430359,C7,CONTROL
0.287205177583107,C7,CONTROL
-0.397913424420985,C7,CONTROL
-0.620731229287203,C7,CONTROL
-0.212231841566575,C7,CONTROL
0.400314066327801,C7,CONTROL
0.486419981904445,C7,CONTROL
0.0896730833586397,C7,CONTROL
0.159604392994351,C7,CONTROL
-0.0577382195845005,C7,CONTROL
-0.29011212008966,C7,CONTROL
-0.614152050694751,C7,CONTROL
-0.448167317928039,C7,CONTROL
-0.423898818451095,C7,CONTROL
0.322171636399377,C7,CONTROL
-0.589419172048519,C7,CONTROL
-0.106583120010395,C7,CONTROL
0.706377755241375,C7,CONTROL
-0.617056271119034,C7,CONTROL
-0.283186046186017,C7,CONTROL
0.289188419341288,C7,CONTROL
-0.218314540484972,C7,CONTROL
-0.195944939581716,C7,CONTROL
-0.415099703002121,C7,CONTROL
-0.117110127348077,C7,CONTROL
-0.285619918789748,C7,CONTROL
-0.42956270390143,C7,CONTROL
-0.167129095893919,C7,CONTROL
-0.00272510550140407,C7,CONTROL
0.389451414206352,C7,CONTROL
-0.588808872486912,C7,CONTROL
0.658945219066211,C7,CONTROL
-0.0705089835001575,C7,CONTROL
-0.583846953192801,C7,CONTROL
-0.127701396156512,C7,CONTROL
0.147047713950803,C7,CONTROL
0.11022280386361,C7,CONTROL
0.0392730136176841,C7,CONTROL
-0.216602425879903,C7,CONTROL
-0.403222404160956,C7,CONTROL
-0.519276079338634,C7,CONTROL
0.124325395639838,C7,CONTROL
0.638788736077015,C7,CONTROL
-0.134394491732017,C7,CONTROL
0.351451681342498,C7,CONTROL
-0.300435641874928,C7,CONTROL
0.12275522226671,C7,CONTROL
0.604823466843278,C7,CONTROL
0.4063961633986,C7,CONTROL
0.287324799231425,C7,CONTROL
0.504939015233441,C8,CONTROL
-0.145538041224111,C8,CONTROL
0.547532311633615,C8,CONTROL
0.68217859410419,C8,CONTROL
-0.018948425387129,C8,CONTROL
-0.589316759449602,C8,CONTROL
0.0960457672567276,C8,CONTROL
-0.485933608556216,C8,CONTROL
-0.672276809082492,C8,CONTROL
-0.324251159026279,C8,CONTROL
0.587651658270771,C8,CONTROL
0.326372865345311,C8,CONTROL
0.0406109852147244,C8,CONTROL
0.361876885856245,C8,CONTROL
-0.0838450691293578,C8,CONTROL
-0.458606300250945,C8,CONTROL
-0.583791876959366,C8,CONTROL
-0.445180370355794,C8,CONTROL
-0.612352849621764,C8,CONTROL
0.11970783271587,C8,CONTROL
-0.479426235664391,C8,CONTROL
0.195984957179002,C8,CONTROL
0.558769002246698,C8,CONTROL
-0.610528163019453,C8,CONTROL
-0.363422728701792,C8,CONTROL
0.0900811801766759,C8,CONTROL
-0.381697498014986,C8,CONTROL
0.22560120734882,C8,CONTROL
-0.445989224131681,C8,CONTROL
-0.274898284782233,C8,CONTROL
-0.0533824071116547,C8,CONTROL
-0.495770512408958,C8,CONTROL
-0.427109218527178,C8,CONTROL
-0.0781306608112916,C8,CONTROL
-0.012708392552549,C8,CONTROL
-0.656068690300471,C8,CONTROL
0.56398368085435,C8,CONTROL
-0.133765539225403,C8,CONTROL
-0.542742484284301,C8,CONTROL
-0.0387070597413999,C8,CONTROL
0.149940639698871,C8,CONTROL
-0.261698819841356,C8,CONTROL
0.0901837542751616,C8,CONTROL
0.0313037815488053,C8,CONTROL
-0.484041560696131,C8,CONTROL
-0.444014093869523,C8,CONTROL
0.176625046000182,C8,CONTROL
0.741557615421273,C8,CONTROL
0.0104799062893762,C8,CONTROL
0.351674451964751,C8,CONTROL
-0.148710051759866,C8,CONTROL
0.535940377436581,C8,CONTROL
0.600417556424544,C8,CONTROL
0.503992929950266,C8,CONTROL
0.325066124877136,C8,CONTROL
0.424957106553182,C9,CONTROL
-0.31571771207225,C9,CONTROL
0.108615198347935,C9,CONTROL
0.690356541036801,C9,CONTROL
0.14932404184096,C9,CONTROL
-0.5227588771554,C9,CONTROL
0.367072256151321,C9,CONTROL
-0.372965148077791,C9,CONTROL
-0.560302921126431,C9,CONTROL
-0.327934284592119,C9,CONTROL
0.386813975106399,C9,CONTROL
0.255520782217068,C9,CONTROL
0.127301573865736,C9,CONTROL
0.236300404650027,C9,CONTROL
-0.0841150862674501,C9,CONTROL
-0.225893166448479,C9,CONTROL
-0.552248531378547,C9,CONTROL
-0.407897374425163,C9,CONTROL
-0.409951283362088,C9,CONTROL
0.251856500186431,C9,CONTROL
-0.526709422857661,C9,CONTROL
-0.130273931279457,C9,CONTROL
0.590404227323603,C9,CONTROL
-0.565508391050702,C9,CONTROL
-0.286543392313396,C9,CONTROL
0.255909766620226,C9,CONTROL
-0.110531649353858,C9,CONTROL
-0.215423290840859,C9,CONTROL
-0.408659793521007,C9,CONTROL
-0.0985615236471816,C9,CONTROL
-0.262767084328899,C9,CONTROL
-0.304637073233289,C9,CONTROL
-0.0891150351348104,C9,CONTROL
0.0785049108519795,C9,CONTROL
0.442499621397918,C9,CONTROL
-0.549301337371119,C9,CONTROL
0.687686749679849,C9,CONTROL
-0.0850334636631741,C9,CONTROL
-0.560633121010225,C9,CONTROL
-0.278002521934079,C9,CONTROL
0.0276106704245538,C9,CONTROL
0.134243909301899,C9,CONTROL
0.0222495535220911,C9,CONTROL
-0.256571566234833,C9,CONTROL
-0.401093336605966,C9,CONTROL
-0.465334879888613,C9,CONTROL
0.0782464775042803,C9,CONTROL
0.605395798372778,C9,CONTROL
-0.0121352841113439,C9,CONTROL
0.277672575003553,C9,CONTROL
-0.327019399393179,C9,CONTROL
0.0343296768194267,C9,CONTROL
0.483006328604466,C9,CONTROL
0.391157386349489,C9,CONTROL
0.322748815152759,C9,CONTROL
0.194601724882614,C10,CONTROL
-0.421170265198208,C10,CONTROL
0.154576730270993,C10,CONTROL
0.752460855901482,C10,CONTROL
-0.0327561363184465,C10,CONTROL
-0.59052375458976,C10,CONTROL
0.513551127580859,C10,CONTROL
-0.281697404554789,C10,CONTROL
-0.648545626755741,C10,CONTROL
-0.10492151236462,C10,CONTROL
0.403736165848062,C10,CONTROL
0.294542939590841,C10,CONTROL
-0.0664377841554751,C10,CONTROL
0.164656580135448,C10,CONTROL
-0.0369759588214596,C10,CONTROL
-0.263415191724991,C10,CONTROL
-0.451891061074638,C10,CONTROL
-0.263428937505034,C10,CONTROL
-0.400048740108513,C10,CONTROL
0.26739368100088,C10,CONTROL
-0.60962925148648,C10,CONTROL
0.0506061649973433,C10,CONTROL
0.66304458191253,C10,CONTROL
-0.665323803899547,C10,CONTROL
-0.320001097031535,C10,CONTROL
0.384880327605935,C10,CONTROL
-0.27026135293946,C10,CONTROL
-0.0954900072650425,C10,CONTROL
-0.428373702630898,C10,CONTROL
-0.148721977546349,C10,CONTROL
-0.195905935891761,C10,CONTROL
-0.399049155447912,C10,CONTROL
-0.166555490900479,C10,CONTROL
0.137179922658185,C10,CONTROL
0.131191081140705,C10,CONTROL
-0.622574722256723,C10,CONTROL
0.837163421286882,C10,CONTROL
-0.0647615867369611,C10,CONTROL
-0.641118489529098,C10,CONTROL
-0.0409987939282972,C10,CONTROL
0.229546110170681,C10,CONTROL
0.0398592450120553,C10,CONTROL
0.163591813282087,C10,CONTROL
-0.00444303294359927,C10,CONTROL
-0.463498686540933,C10,CONTROL
-0.585879882287893,C10,CONTROL
0.017279065382631,C10,CONTROL
0.698482824694908,C10,CONTROL
-0.159228755010582,C10,CONTROL
0.226387220576943,C10,CONTROL
-0.480489208811476,C10,CONTROL
0.167825948297524,C10,CONTROL
0.430548146396857,C10,CONTROL
0.411318541357205,C10,CONTROL
0.267605332144578,C10,CONTROL
0.217326265661607,C11,CONTROL
-0.349613599264531,C11,CONTROL
0.235611405194786,C11,CONTROL
0.626644322911992,C11,CONTROL
0.0489590976271205,C11,CONTROL
-0.556295023699705,C11,CONTROL
0.364112825880978,C11,CONTROL
-0.330988249289278,C11,CONTROL
-0.580696794692351,C11,CONTROL
-0.153337593975949,C11,CONTROL
0.455921618567085,C11,CONTROL
0.590116021714038,C11,CONTROL
-0.105247421722915,C11,CONTROL
0.017541738359706,C11,CONTROL
-0.0214936905823807,C11,CONTROL
-0.317388811541419,C11,CONTROL
-0.461550996704087,C11,CONTROL
-0.315583887566096,C11,CONTROL
-0.37477245321633,C11,CONTROL
0.369654776309225,C11,CONTROL
-0.595363763165231,C11,CONTROL
-0.191596634839423,C11,CONTROL
0.652146714014633,C11,CONTROL
-0.646077728188989,C11,CONTROL
-0.291432053909465,C11,CONTROL
0.322033159834697,C11,CONTROL
-0.205445054422955,C11,CONTROL
-0.125595352151473,C11,CONTROL
-0.361320903037267,C11,CONTROL
-0.0985745124511805,C11,CONTROL
-0.236860043261105,C11,CONTROL
-0.506022463680511,C11,CONTROL
-0.24643187407033,C11,CONTROL
-0.0584942623425018,C11,CONTROL
0.321062051497775,C11,CONTROL
-0.618589387577722,C11,CONTROL
0.734013943075886,C11,CONTROL
-0.034423395945453,C11,CONTROL
-0.566869675628965,C11,CONTROL
-0.0731938979333234,C11,CONTROL
0.0123348767802239,C11,CONTROL
0.14436360366383,C11,CONTROL
0.26618808337495,C11,CONTROL
-0.135050018594033,C11,CONTROL
-0.351876123155973,C11,CONTROL
-0.566953679492731,C11,CONTROL
0.100373497013989,C11,CONTROL
0.728547742562208,C11,CONTROL
-0.0855904183703612,C11,CONTROL
0.247756047876687,C11,CONTROL
-0.377529692148843,C11,CONTROL
0.232305231967432,C11,CONTROL
0.438068846883193,C11,CONTROL
0.286024285123761,C11,CONTROL
0.27337842361867,C11,CONTROL
0.28552875964387,C12,CONTROL
-0.45847262068261,C12,CONTROL
0.184971903450684,C12,CONTROL
0.826684853434034,C12,CONTROL
0.0360227546748456,C12,CONTROL
-0.658424278227395,C12,CONTROL
0.601906185613363,C12,CONTROL
-0.345616672210605,C12,CONTROL
-0.70732806707681,C12,CONTROL
-0.138464055065963,C12,CONTROL
0.41774902016856,C12,CONTROL
0.283666998245033,C12,CONTROL
0.0184738903390585,C12,CONTROL
0.254221741592769,C12,CONTROL
-0.0152637442184535,C12,CONTROL
-0.254949935716138,C12,CONTROL
-0.500154183870893,C12,CONTROL
-0.318076752237507,C12,CONTROL
-0.443261359605692,C12,CONTROL
0.243265913676994,C12,CONTROL
-0.648435845968874,C12,CONTROL
0.028464259898125,C12,CONTROL
0.754087431049703,C12,CONTROL
-0.709474962440006,C12,CONTROL
-0.273258549135032,C12,CONTROL
0.41038543646318,C12,CONTROL
-0.243329384858605,C12,CONTROL
-0.139828777479263,C12,CONTROL
-0.485235812513968,C12,CONTROL
-0.0830589495262899,C12,CONTROL
-0.155359784115085,C12,CONTROL
-0.384979091075679,C12,CONTROL
-0.179514877794124,C12,CONTROL
0.0462899943037301,C12,CONTROL
0.258783163252714,C12,CONTROL
-0.67546841363562,C12,CONTROL
0.844807120421366,C12,CONTROL
-0.0840762907544975,C12,CONTROL
-0.650222015116812,C12,CONTROL
-0.106308079905086,C12,CONTROL
0.1201084897388,C12,CONTROL
0.0700060511676981,C12,CONTROL
0.117655305439732,C12,CONTROL
-0.0307304108026341,C12,CONTROL
-0.427253675038526,C12,CONTROL
-0.634583958363928,C12,CONTROL
0.094642048972306,C12,CONTROL
0.749424263425301,C12,CONTROL
-0.10468034664809,C12,CONTROL
0.174202456924669,C12,CONTROL
-0.47287403656233,C12,CONTROL
0.116489980445163,C12,CONTROL
0.532135856913952,C12,CONTROL
0.335438723905929,C12,CONTROL
0.195274748292666,C12,CONTROL
0.450167279086762,C13,CONTROL
-0.254784710449816,C13,CONTROL
0.19425428684684,C13,CONTROL
0.501570638528922,C13,CONTROL
-0.0104612116046647,C13,CONTROL
-0.448418148095863,C13,CONTROL
0.202358767574802,C13,CONTROL
-0.313657517362678,C13,CONTROL
-0.559911172740371,C13,CONTROL
-0.245706893184804,C13,CONTROL
0.435741807196534,C13,CONTROL
0.417300593442763,C13,CONTROL
-0.0438552419117093,C13,CONTROL
0.134688468882353,C13,CONTROL
0.0269752332219594,C13,CONTROL
-0.296997904589611,C13,CONTROL
-0.522075359784654,C13,CONTROL
-0.440499099335602,C13,CONTROL
-0.48734885047889,C13,CONTROL
0.236505882962803,C13,CONTROL
-0.4880726678106,C13,CONTROL
0.0909373346581315,C13,CONTROL
0.717467933653629,C13,CONTROL
-0.595875385651117,C13,CONTROL
-0.405792098002957,C13,CONTROL
0.181226070455466,C13,CONTROL
-0.330261847039606,C13,CONTROL
0.142186110457884,C13,CONTROL
-0.449533967012441,C13,CONTROL
-0.140052392993485,C13,CONTROL
-0.261046873198969,C13,CONTROL
-0.462371930659989,C13,CONTROL
-0.273173718606902,C13,CONTROL
-0.0213225990077882,C13,CONTROL
-0.184178451059545,C13,CONTROL
-0.570307396020107,C13,CONTROL
0.568609086656254,C13,CONTROL
-0.0596447284031508,C13,CONTROL
-0.450240980018811,C13,CONTROL
0.187723541770127,C13,CONTROL
0.319680281267169,C13,CONTROL
0.0294446838104431,C13,CONTROL
0.229905863510396,C13,CONTROL
0.0806273819621525,C13,CONTROL
-0.414913319262651,C13,CONTROL
-0.535198137386607,C13,CONTROL
-0.0905512408359666,C13,CONTROL
0.597148795176819,C13,CONTROL
-0.222902851250648,C13,CONTROL
0.423990006124491,C13,CONTROL
-0.285361106519926,C13,CONTROL
0.244773813432818,C13,CONTROL
0.389352574959803,C13,CONTROL
0.392081255323738,C13,CONTROL
0.28791211194479,C13,CONTROL
0.0562498388123651,U1,UWS
-0.0356752120706007,U1,UWS
0.355306589175341,U1,UWS
0.875550273766133,U1,UWS
0.0618206443911441,U1,UWS
-0.490199937321501,U1,UWS
0.202324859624699,U1,UWS
-0.401051548422175,U1,UWS
-0.483448244731034,U1,UWS
-0.349238998047872,U1,UWS
0.310634912843947,U1,UWS
0.282613282086833,U1,UWS
-0.164645386675368,U1,UWS
-0.0242168947372008,U1,UWS
0.155278686605383,U1,UWS
-0.363929923113934,U1,UWS
-0.238417380598922,U1,UWS
-0.110669358057099,U1,UWS
-0.231500852508452,U1,UWS
0.0819837837384224,U1,UWS
-0.231218239489157,U1,UWS
0.17177283501332,U1,UWS
0.278763074399275,U1,UWS
-0.610689172486474,U1,UWS
-0.222448286015448,U1,UWS
0.0292803912397072,U1,UWS
-0.235998990299824,U1,UWS
0.074656181238081,U1,UWS
-0.257384204227923,U1,UWS
-0.153833153585158,U1,UWS
-0.206567740345058,U1,UWS
-0.357151362712049,U1,UWS
-0.252281466129986,U1,UWS
-0.194812021988126,U1,UWS
0.16779562617144,U1,UWS
-0.541325463590875,U1,UWS
0.512751711056636,U1,UWS
-0.173497875458387,U1,UWS
-0.45341070549201,U1,UWS
-0.183074819368586,U1,UWS
0.157801989814975,U1,UWS
-0.0178131866788059,U1,UWS
0.0665689245429102,U1,UWS
-0.0486484594545692,U1,UWS
-0.337097047519599,U1,UWS
-0.375044239086837,U1,UWS
0.0352767219695728,U1,UWS
0.414743262229334,U1,UWS
-0.0843095962962193,U1,UWS
0.408022680344335,U1,UWS
-0.138177135470803,U1,UWS
0.375501564144236,U1,UWS
0.155774342761982,U1,UWS
0.381756184517666,U1,UWS
0.172357426769383,U1,UWS
0.592122124636221,U3,UWS
0.134985166108646,U3,UWS
0.400080632136172,U3,UWS
0.366645257305044,U3,UWS
-0.0478353431412473,U3,UWS
-0.337440966242613,U3,UWS
-0.146898674970328,U3,UWS
-0.495036384021735,U3,UWS
-0.525037100703046,U3,UWS
-0.33061982397841,U3,UWS
0.62496311610574,U3,UWS
0.251163945007425,U3,UWS
-0.0853597391505187,U3,UWS
0.272769304731459,U3,UWS
0.130867067105234,U3,UWS
-0.528471288702789,U3,UWS
-0.621086101639949,U3,UWS
-0.391189174700752,U3,UWS
-0.558519027344069,U3,UWS
0.30137076968131,U3,UWS
-0.495081568518632,U3,UWS
0.0118799328173981,U3,UWS
0.693628500456524,U3,UWS
-0.697633171403003,U3,UWS
-0.59518460592158,U3,UWS
0.0878650871094763,U3,UWS
-0.422519824016728,U3,UWS
-0.146516713792033,U3,UWS
-0.443499761522905,U3,UWS
0.0670177176444954,U3,UWS
-0.454248490046234,U3,UWS
-0.539795692470867,U3,UWS
-0.0596885999978669,U3,UWS
-0.159809287717011,U3,UWS
0.125669176251716,U3,UWS
-0.629895624282528,U3,UWS
0.682145111357081,U3,UWS
0.224752155895332,U3,UWS
-0.463549992122131,U3,UWS
0.0792241090634559,U3,UWS
0.0935463068813306,U3,UWS
0.0634675605371909,U3,UWS
0.222133674488369,U3,UWS
-0.170325747028213,U3,UWS
-0.317470075591535,U3,UWS
-0.534953847307328,U3,UWS
-0.184731085944419,U3,UWS
0.587554620489918,U3,UWS
-0.241144932695078,U3,UWS
0.689863597093465,U3,UWS
-0.130323320351246,U3,UWS
0.503744608812744,U3,UWS
0.335395554452757,U3,UWS
0.58565857338288,U3,UWS
0.259411854302354,U3,UWS
0.477440311151686,U4,UWS
-0.193561247364174,U4,UWS
0.240614787466636,U4,UWS
0.665397065988665,U4,UWS
-0.0780237277126185,U4,UWS
-0.226189057887335,U4,UWS
-0.113020442337114,U4,UWS
-0.394756165705347,U4,UWS
-0.35450300610399,U4,UWS
-0.244562242001761,U4,UWS
0.338949171000595,U4,UWS
0.447498778024542,U4,UWS
-0.00679391836360037,U4,UWS
-0.0737807080811053,U4,UWS
0.0348964171601627,U4,UWS
-0.395646109791455,U4,UWS
-0.448349629360559,U4,UWS
-0.281290640290663,U4,UWS
-0.341452246582954,U4,UWS
0.244055603799264,U4,UWS
-0.325742416627913,U4,UWS
-0.0903277529941634,U4,UWS
0.235621293865388,U4,UWS
-0.262400695740674,U4,UWS
-0.206747121211128,U4,UWS
-0.007699552233917,U4,UWS
-0.230166345065938,U4,UWS
-0.215968141709203,U4,UWS
-0.216175806067296,U4,UWS
-0.0336166224803142,U4,UWS
-0.378018600685174,U4,UWS
-0.360985173495677,U4,UWS
-0.182186899316681,U4,UWS
-0.114993625564602,U4,UWS
0.0037523357702974,U4,UWS
-0.245621017302297,U4,UWS
0.374044873109259,U4,UWS
-0.0230019146414183,U4,UWS
-0.29828310902802,U4,UWS
-0.0942328021463996,U4,UWS
0.143668332465799,U4,UWS
-0.123427766871989,U4,UWS
-0.0319674040444468,U4,UWS
0.0062319867655773,U4,UWS
-0.176234944554541,U4,UWS
-0.277363884624339,U4,UWS
-0.107782602377524,U4,UWS
0.220121554076844,U4,UWS
-0.241047769787355,U4,UWS
0.495751246776433,U4,UWS
-0.0347529878427579,U4,UWS
0.364852881663318,U4,UWS
0.309025808029798,U4,UWS
0.424228154961049,U4,UWS
0.038014011453058,U4,UWS
0.115854515881967,U6,UWS
-0.357519103238812,U6,UWS
0.234656842851328,U6,UWS
0.290946860368118,U6,UWS
-0.118660527595732,U6,UWS
-0.201588355464271,U6,UWS
0.0290934856408598,U6,UWS
-0.296563343318133,U6,UWS
-0.13758427977098,U6,UWS
-0.0804136605093223,U6,UWS
-0.068839127814765,U6,UWS
0.30581818958507,U6,UWS
-0.0904874253398235,U6,UWS
0.1378234197168,U6,UWS
0.0970666644873945,U6,UWS
-0.364085044397308,U6,UWS
-0.238026758356454,U6,UWS
-0.0994566768161573,U6,UWS
-0.254583737687206,U6,UWS
-0.080516030746269,U6,UWS
-0.458526824339177,U6,UWS
0.00802903045419517,U6,UWS
0.2427426331103,U6,UWS
-0.354429435228373,U6,UWS
0.122901401054975,U6,UWS
0.26386715020684,U6,UWS
-0.135011250150268,U6,UWS
-0.0440456843175001,U6,UWS
-0.127582863899833,U6,UWS
-0.102384795027764,U6,UWS
-0.258058309578014,U6,UWS
-0.50343732948493,U6,UWS
0.0693705455837871,U6,UWS
-0.102293999411456,U6,UWS
0.0981651497059819,U6,UWS
-0.394465286121526,U6,UWS
0.653143536075829,U6,UWS
0.100982475951676,U6,UWS
-0.281943367462314,U6,UWS
0.0558713624515829,U6,UWS
0.33688444442572,U6,UWS
-0.159216382068718,U6,UWS
0.161935287480829,U6,UWS
-0.138927872980104,U6,UWS
-0.369123063404867,U6,UWS
-0.371157166431143,U6,UWS
0.0303024338687082,U6,UWS
0.0488669759389273,U6,UWS
-0.244051813300865,U6,UWS
0.408414025273788,U6,UWS
-0.233329092913405,U6,UWS
0.383699820836747,U6,UWS
-0.240709496233143,U6,UWS
0.245535174155297,U6,UWS
0.00674607905616268,U6,UWS
0.44949406596907,U7,UWS
-0.138897648751639,U7,UWS
0.297789726895048,U7,UWS
0.394846231281001,U7,UWS
0.172278071773968,U7,UWS
-0.290628715819609,U7,UWS
-0.171293433348732,U7,UWS
-0.307660198975379,U7,UWS
-0.429045878760174,U7,UWS
-0.305135194098888,U7,UWS
0.28971563904462,U7,UWS
0.225432189567174,U7,UWS
0.0448911490206303,U7,UWS
0.296116628000695,U7,UWS
-0.070313597259335,U7,UWS
-0.285073419349048,U7,UWS
-0.464455862048299,U7,UWS
-0.398167929855606,U7,UWS
-0.365193230679345,U7,UWS
0.0639844399627838,U7,UWS
-0.395240309238557,U7,UWS
-0.128995924521021,U7,UWS
0.504625466949365,U7,UWS
-0.309401761033515,U7,UWS
-0.304063649134023,U7,UWS
0.125441727627379,U7,UWS
-0.146476197848708,U7,UWS
-0.00558392870984234,U7,UWS
-0.26130825446478,U7,UWS
-0.161525569366586,U7,UWS
-0.212841463924248,U7,UWS
-0.335093030072829,U7,UWS
-0.222663700769509,U7,UWS
-0.012942925421842,U7,UWS
0.225495110128556,U7,UWS
-0.401038679747046,U7,UWS
0.218877021764494,U7,UWS
0.0805840471084097,U7,UWS
-0.339899847201903,U7,UWS
-0.0612339382039322,U7,UWS
-0.0945332635201706,U7,UWS
-0.0618766272291377,U7,UWS
-0.0191295579209037,U7,UWS
-0.216934125774291,U7,UWS
-0.230858584718197,U7,UWS
-0.226329992198142,U7,UWS
-0.0567724233804621,U7,UWS
0.382597828611876,U7,UWS
-0.071483497901371,U7,UWS
0.40737240042572,U7,UWS
-0.0144809160088253,U7,UWS
0.0693632579398737,U7,UWS
0.486580004258441,U7,UWS
0.226017877971828,U7,UWS
0.212338254074626,U7,UWS
0.476710586238935,U9,UWS
-0.0151341243526606,U9,UWS
0.505753868866985,U9,UWS
0.564648308120167,U9,UWS
-0.236287623916557,U9,UWS
-0.454886926129995,U9,UWS
0.122452928526721,U9,UWS
-0.44390975441911,U9,UWS
-0.627936772703392,U9,UWS
-0.269817486923772,U9,UWS
0.741628232496124,U9,UWS
0.617976505722785,U9,UWS
-0.127840626686728,U9,UWS
0.0641291830720259,U9,UWS
0.135812574261087,U9,UWS
-0.490479424218466,U9,UWS
-0.693750695070888,U9,UWS
-0.463620723316738,U9,UWS
-0.559216395341845,U9,UWS
0.430571746939046,U9,UWS
-0.486055186547096,U9,UWS
0.203153927046945,U9,UWS
0.518355622790174,U9,UWS
-0.661008695756155,U9,UWS
-0.544423332305649,U9,UWS
-0.143317523491581,U9,UWS
-0.490267515515661,U9,UWS
-0.0933581092919101,U9,UWS
-0.428336558756559,U9,UWS
-0.227924111065878,U9,UWS
-0.252118141240177,U9,UWS
-0.535939751965139,U9,UWS
-0.40577477865004,U9,UWS
-0.201318294648176,U9,UWS
-0.060074420966482,U9,UWS
-0.524941689075077,U9,UWS
0.721409541585685,U9,UWS
0.100084359192715,U9,UWS
-0.405886862860189,U9,UWS
0.0545203762113504,U9,UWS
0.717375035152846,U9,UWS
-0.27581864467806,U9,UWS
0.031841526662675,U9,UWS
0.152906878622025,U9,UWS
-0.451136552050875,U9,UWS
-0.587263270149023,U9,UWS
-0.0483262430596349,U9,UWS
0.396311106890264,U9,UWS
-0.372123824938533,U9,UWS
0.550133529337808,U9,UWS
-0.0523307194293696,U9,UWS
0.57050755573297,U9,UWS
0.657936164786747,U9,UWS
0.703521150575361,U9,UWS
0.44404843999162,U9,UWS
0.642225208837789,U10,UWS
0.00749766166379596,U10,UWS
0.363705180619795,U10,UWS
0.609823972819609,U10,UWS
-0.0694675000318685,U10,UWS
-0.486174472696607,U10,UWS
-0.0932394432648376,U10,UWS
-0.508358406451102,U10,UWS
-0.635618985945175,U10,UWS
-0.374968570453344,U10,UWS
0.446737377659148,U10,UWS
0.383701344572682,U10,UWS
0.154785101426965,U10,UWS
0.111168352358776,U10,UWS
-0.100828675613627,U10,UWS
-0.433473294322183,U10,UWS
-0.607912874232937,U10,UWS
-0.541684807130091,U10,UWS
-0.52387041902915,U10,UWS
0.350737346300532,U10,UWS
-0.375162681403102,U10,UWS
0.0958369362009351,U10,UWS
0.524335556718267,U10,UWS
-0.578203803707653,U10,UWS
-0.44740327891161,U10,UWS
-0.116799346655768,U10,UWS
-0.320544745773742,U10,UWS
0.0113519551502033,U10,UWS
-0.327242529978226,U10,UWS
-0.0179553877141315,U10,UWS
-0.339212729850656,U10,UWS
-0.508762732752452,U10,UWS
-0.371121403946413,U10,UWS
-0.186193975874334,U10,UWS
0.059773590909689,U10,UWS
-0.600202700887319,U10,UWS
0.455714952486211,U10,UWS
-0.108666483184376,U10,UWS
-0.477908217546965,U10,UWS
-0.0999895487886044,U10,UWS
0.302740332972348,U10,UWS
-0.0687579470817564,U10,UWS
0.102782178813517,U10,UWS
0.105886078449814,U10,UWS
-0.321719263818782,U10,UWS
-0.423495649895747,U10,UWS
0.0136738085082106,U10,UWS
0.51008077103294,U10,UWS
6.286661863202E-06,U10,UWS
0.517442027456746,U10,UWS
0.0501893393507341,U10,UWS
0.39762791389082,U10,UWS
0.661278323469985,U10,UWS
0.419982721741478,U10,UWS
0.35801665888917,U10,UWS
0.444160776373096,U11,UWS
-0.441178841371015,U11,UWS
0.562857254123541,U11,UWS
0.702598475743328,U11,UWS
-0.474072060807297,U11,UWS
-0.679518021218931,U11,UWS
0.434767103921268,U11,UWS
-0.413592950493911,U11,UWS
-0.770986186753284,U11,UWS
0.0050250363988769,U11,UWS
0.402203339768606,U11,UWS
0.459781396723469,U11,UWS
-0.028786833218564,U11,UWS
0.0724285807386991,U11,UWS
0.0524124835683185,U11,UWS
-0.323017658911697,U11,UWS
-0.590804708936913,U11,UWS
-0.193071165062442,U11,UWS
-0.436330276481987,U11,UWS
-0.085049864011338,U11,UWS
-0.676986092219313,U11,UWS
0.596445929447091,U11,UWS
0.81625830615813,U11,UWS
-0.778237557709866,U11,UWS
-0.173295943680519,U11,UWS
0.618651101248025,U11,UWS
-0.473179511062218,U11,UWS
0.153333241202735,U11,UWS
-0.597785597243727,U11,UWS
-0.425858000037821,U11,UWS
0.0476703254031621,U11,UWS
-0.525366436466155,U11,UWS
-0.486762067288906,U11,UWS
0.181904412648993,U11,UWS
-0.346728321083879,U11,UWS
-0.713772305979944,U11,UWS
0.834070877486196,U11,UWS
0.0246239114849437,U11,UWS
-0.699488965146288,U11,UWS
0.158422500411509,U11,UWS
0.762275888994664,U11,UWS
-0.426724481599099,U11,UWS
0.228664772671311,U11,UWS
0.642895933345669,U11,UWS
-0.561076578969696,U11,UWS
-0.70504313154904,U11,UWS
0.123452379519757,U11,UWS
0.833382855309512,U11,UWS
-0.409689846561215,U11,UWS
0.359793701611932,U11,UWS
-0.543222836922657,U11,UWS
0.459800819228467,U11,UWS
0.396102454910213,U11,UWS
0.366101910556885,U11,UWS
-0.114112168300917,U11,UWS
0.451897207904105,U12,UWS
-0.207420827606483,U12,UWS
0.312183381715184,U12,UWS
0.599273549880682,U12,UWS
-0.131514501695945,U12,UWS
-0.441623300763933,U12,UWS
-0.06019952709765,U12,UWS
-0.378338431648914,U12,UWS
-0.379816048893246,U12,UWS
-0.396137004675382,U12,UWS
0.409006484534345,U12,UWS
0.474561931635898,U12,UWS
0.179459223433461,U12,UWS
0.0638223556237502,U12,UWS
-0.0965091066521096,U12,UWS
-0.387987088107485,U12,UWS
-0.515186920828522,U12,UWS
-0.341639015328199,U12,UWS
-0.570582450557713,U12,UWS
0.253312268814076,U12,UWS
-0.397203966777934,U12,UWS
0.145236441082015,U12,UWS
0.529226188900384,U12,UWS
-0.46571243766488,U12,UWS
-0.298416668211735,U12,UWS
0.00375684635016826,U12,UWS
-0.292852414958271,U12,UWS
0.148056796435431,U12,UWS
-0.314771576049507,U12,UWS
-0.141897781991995,U12,UWS
-0.236968912608276,U12,UWS
-0.470893504172757,U12,UWS
-0.283311538381061,U12,UWS
-0.335050695760872,U12,UWS
0.0392886213117001,U12,UWS
-0.558158096070135,U12,UWS
0.360198847409559,U12,UWS
-0.124591776122667,U12,UWS
-0.392646413449968,U12,UWS
-0.111297611926633,U12,UWS
0.25430768537596,U12,UWS
-0.0875867342829567,U12,UWS
0.159103901555452,U12,UWS
-0.0058904718800345,U12,UWS
-0.161817501945773,U12,UWS
-0.341561600267037,U12,UWS
0.0391043340485012,U12,UWS
0.459070936453763,U12,UWS
-0.0573122220004708,U12,UWS
0.279820473055587,U12,UWS
-0.0818497022783646,U12,UWS
0.511382729372161,U12,UWS
0.316376641261838,U12,UWS
0.560007588733209,U12,UWS
0.161177603587679,U12,UWS
0.73866314423442,U13,UWS
0.037259702313344,U13,UWS
0.577230847529951,U13,UWS
0.560430401856106,U13,UWS
-0.0828730478674025,U13,UWS
-0.416587811021088,U13,UWS
-0.0239618418333086,U13,UWS
-0.600859128417784,U13,UWS
-0.665888263196555,U13,UWS
-0.428927785811055,U13,UWS
0.470528444176173,U13,UWS
0.610851933341517,U13,UWS
0.0467301208548157,U13,UWS
0.0543315533109847,U13,UWS
-0.0515011526825096,U13,UWS
-0.414959763303953,U13,UWS
-0.633711514351943,U13,UWS
-0.548039365896755,U13,UWS
-0.556086267651615,U13,UWS
0.427205177220567,U13,UWS
-0.463744879273097,U13,UWS
-0.105256006842268,U13,UWS
0.643882947282417,U13,UWS
-0.567636652481116,U13,UWS
-0.404146325210699,U13,UWS
-0.0336093166225681,U13,UWS
-0.314898559653912,U13,UWS
-0.0437694153434267,U13,UWS
-0.400227193820255,U13,UWS
-0.0197991188791261,U13,UWS
-0.386074709584289,U13,UWS
-0.568329798605227,U13,UWS
-0.404134615835452,U13,UWS
-0.267387133633119,U13,UWS
0.0381058658667045,U13,UWS
-0.610915439394187,U13,UWS
0.684661016327199,U13,UWS
-0.133964196666902,U13,UWS
-0.460208395787078,U13,UWS
-0.0442266083261455,U13,UWS
0.0201642806388574,U13,UWS
0.0129104123327172,U13,UWS
0.336531582743694,U13,UWS
0.081202900278562,U13,UWS
-0.28229908765576,U13,UWS
-0.447053228648835,U13,UWS
0.109116727749934,U13,UWS
0.508408243694515,U13,UWS
-0.01156371852341,U13,UWS
0.32215994274532,U13,UWS
-0.082789240987099,U13,UWS
0.276247043269289,U13,UWS
0.667936107779859,U13,UWS
0.48553350208972,U13,UWS
0.525260558986748,U13,UWS
0.40827180047069,U2,UWS
-0.0428066819330661,U2,UWS
0.42122354357179,U2,UWS
0.342114398083975,U2,UWS
-0.0969962827880008,U2,UWS
-0.280291749928455,U2,UWS
-0.384278632236084,U2,UWS
-0.34713489196802,U2,UWS
-0.318534100233447,U2,UWS
-0.23335472200727,U2,UWS
0.225365265509665,U2,UWS
0.228825648985066,U2,UWS
0.101305079649369,U2,UWS
-0.0412027789602714,U2,UWS
0.0147940323881722,U2,UWS
-0.49103434262274,U2,UWS
-0.476391578934564,U2,UWS
-0.400447904876528,U2,UWS
0.158924722772607,U2,UWS
0.13818848894048,U2,UWS
-0.178881990939582,U2,UWS
-0.0843109522592325,U2,UWS
0.226167624052031,U2,UWS
-0.281010245432314,U2,UWS
-0.299064579293806,U2,UWS
-0.0772616839194061,U2,UWS
-0.0407409741461253,U2,UWS
0.0627357137291998,U2,UWS
-0.167337409246671,U2,UWS
-0.130120841743649,U2,UWS
-0.46732863082681,U2,UWS
-0.416137649975393,U2,UWS
-0.306362224634224,U2,UWS
0.0115597147385621,U2,UWS
0.0608358846916838,U2,UWS
-0.352325139035301,U2,UWS
0.237801889527512,U2,UWS
0.112078654222555,U2,UWS
0.0282122764924835,U2,UWS
-0.431334664814685,U2,UWS
0.00574570039443373,U2,UWS
-0.0178237499200018,U2,UWS
0.071680305268858,U2,UWS
0.0799279221104559,U2,UWS
-0.101722112616232,U2,UWS
-0.149187975565822,U2,UWS
-0.103565613653281,U2,UWS
0.26418334445992,U2,UWS
0.0996157781491893,U2,UWS
0.581534488291487,U2,UWS
0.269540050144718,U2,UWS
0.0507793760176257,U2,UWS
0.531072491896738,U2,UWS
-0.157273017733979,U2,UWS
-0.25040175098516,U2,UWS
0.452492068631383,U8,UWS
0.102458289714038,U8,UWS
0.447761295455537,U8,UWS
0.261451321327324,U8,UWS
-0.226646885798068,U8,UWS
0.0320455778962837,U8,UWS
-0.368320666000612,U8,UWS
-0.445684590508425,U8,UWS
-0.361477799641239,U8,UWS
-0.435833696910195,U8,UWS
0.539754205210752,U8,UWS
0.564498013032597,U8,UWS
-0.122136870976533,U8,UWS
0.0136639195818849,U8,UWS
0.112994427091833,U8,UWS
-0.529824310359106,U8,UWS
-0.4804673430281,U8,UWS
-0.24820899221832,U8,UWS
-0.539265617537958,U8,UWS
0.399980230164443,U8,UWS
-0.284714505821431,U8,UWS
0.132281694629924,U8,UWS
0.0809122500689495,U8,UWS
-0.403821694014498,U8,UWS
-0.315314658711663,U8,UWS
-0.0950192666784962,U8,UWS
-0.398383069348415,U8,UWS
-0.088566311258654,U8,UWS
-0.204411696344205,U8,UWS
0.113288426002785,U8,UWS
-0.457534530734223,U8,UWS
-0.483219411071549,U8,UWS
-0.317940734009146,U8,UWS
-0.610381177834327,U8,UWS
-0.0277215168786518,U8,UWS
-0.223564054613642,U8,UWS
0.291084589176311,U8,UWS
-0.0525146282700891,U8,UWS
-0.167283767497869,U8,UWS
-0.0312566714738719,U8,UWS
-0.0590951048599786,U8,UWS
0.0310085406171524,U8,UWS
0.129668030086086,U8,UWS
0.132264207027611,U8,UWS
0.0718753975148326,U8,UWS
-0.144114173681867,U8,UWS
-0.0721236707651743,U8,UWS
-0.256358351337593,U8,UWS
-0.128418060320833,U8,UWS
0.364802937377135,U8,UWS
0.126965853475487,U8,UWS
0.438723836816724,U8,UWS
0.310234356059143,U8,UWS
0.509561305675795,U8,UWS
0.341014638544133,U8,UWS
0.485923283703505,U5,UWS
-0.201560912008164,U5,UWS
0.135721611519994,U5,UWS
0.0763367972926458,U5,UWS
0.211959560941447,U5,UWS
-0.152936731191591,U5,UWS
-0.247479736232569,U5,UWS
-0.267073253220782,U5,UWS
-0.332147733158583,U5,UWS
-0.303726827099192,U5,UWS
-0.330676839430837,U5,UWS
0.146814944583914,U5,UWS
-0.14280164782444,U5,UWS
0.516358379317319,U5,UWS
0.186500614660413,U5,UWS
-0.471623261907702,U5,UWS
-0.09094922989387,U5,UWS
-0.351875101859488,U5,UWS
-0.289434758888807,U5,UWS
-0.267970612878076,U5,UWS
-0.225660167680651,U5,UWS
-0.221949176700483,U5,UWS
-0.212824367654903,U5,UWS
0.120552966927707,U5,UWS
0.0352327517146689,U5,UWS
0.740272713608338,U5,UWS
-0.0848516955357583,U5,UWS
0.21030513843885,U5,UWS
-0.0886530282613507,U5,UWS
0.0521233205629525,U5,UWS
-0.0331988896320226,U5,UWS
-0.391059986480664,U5,UWS
-0.274551460315603,U5,UWS
-0.195556943547173,U5,UWS
-0.0811597747535814,U5,UWS
-0.192044363423126,U5,UWS
0.309973884824355,U5,UWS
-0.0674767530514878,U5,UWS
-0.15817284343548,U5,UWS
-0.0123092193355363,U5,UWS
0.220377827453509,U5,UWS
-0.368635758239384,U5,UWS
0.185630210664255,U5,UWS
-0.340222552311774,U5,UWS
-0.180473293272173,U5,UWS
-0.290729081959565,U5,UWS
0.270165870366608,U5,UWS
-0.120489212101581,U5,UWS
0.135231535540124,U5,UWS
0.0216085255918687,U5,UWS
0.157642770484148,U5,UWS
0.139327051786724,U5,UWS
0.0777599555275518,U5,UWS
0.265203441129008,U5,UWS
0.030916160278229,U5,UWS
0.290775030799464,S1,SLEEP
-0.311191906793403,S1,SLEEP
0.239745693754791,S1,SLEEP
0.605499119239971,S1,SLEEP
0.0413344719964649,S1,SLEEP
-0.493390427419402,S1,SLEEP
0.27706690216597,S1,SLEEP
-0.310919099902914,S1,SLEEP
-0.559154564250062,S1,SLEEP
-0.242942277526495,S1,SLEEP
0.415661269249935,S1,SLEEP
0.236555740033539,S1,SLEEP
0.0069713046351915,S1,SLEEP
0.29475961074704,S1,SLEEP
0.200060719459432,S1,SLEEP
-0.390512345911361,S1,SLEEP
-0.479333476632909,S1,SLEEP
-0.366141290213663,S1,SLEEP
-0.509937244069177,S1,SLEEP
0.241272267037493,S1,SLEEP
-0.559455757294903,S1,SLEEP
-0.0443799995491399,S1,SLEEP
0.59566931599444,S1,SLEEP
-0.641953429971675,S1,SLEEP
-0.322461543017202,S1,SLEEP
0.267463944529649,S1,SLEEP
-0.151334644971979,S1,SLEEP
-0.262639594317009,S1,SLEEP
-0.499966254725307,S1,SLEEP
-0.207612654074314,S1,SLEEP
-0.227595731277149,S1,SLEEP
-0.337716197911735,S1,SLEEP
-0.0252409523699144,S1,SLEEP
0.253676234696919,S1,SLEEP
0.424099169714139,S1,SLEEP
-0.401692979612942,S1,SLEEP
0.59719594399417,S1,SLEEP
-0.0151751713946676,S1,SLEEP
-0.547390770317999,S1,SLEEP
-0.27454379612592,S1,SLEEP
0.344555619999475,S1,SLEEP
-0.00390999655590133,S1,SLEEP
-0.0306722346699947,S1,SLEEP
-0.29999979407597,S1,SLEEP
-0.532799423709719,S1,SLEEP
-0.503649495544713,S1,SLEEP
-0.0721200491209529,S1,SLEEP
0.324209099696991,S1,SLEEP
-0.225147355754342,S1,SLEEP
0.425943799376566,S1,SLEEP
-0.204037979655365,S1,SLEEP
0.250193479045964,S1,SLEEP
0.427231126677249,S1,SLEEP
0.392279055346236,S1,SLEEP
0.457659115629909,S1,SLEEP
0.415994349703625,S3,SLEEP
-0.269606467960943,S3,SLEEP
0.349429563301339,S3,SLEEP
0.545953646344565,S3,SLEEP
-0.0904697941329739,S3,SLEEP
-0.491051337259361,S3,SLEEP
0.193545743902792,S3,SLEEP
-0.347764261164039,S3,SLEEP
-0.591195727736119,S3,SLEEP
-0.174199517306413,S3,SLEEP
0.396190301962616,S3,SLEEP
0.390074727693272,S3,SLEEP
-0.0269947132767922,S3,SLEEP
0.120314942993167,S3,SLEEP
0.0517749502426779,S3,SLEEP
-0.421605940723031,S3,SLEEP
-0.479912512999544,S3,SLEEP
-0.36925005076122,S3,SLEEP
-0.419773451945431,S3,SLEEP
0.2909929517459,S3,SLEEP
-0.576302199777929,S3,SLEEP
-0.130909527969152,S3,SLEEP
0.613142031964164,S3,SLEEP
-0.575690314542293,S3,SLEEP
-0.421009603060472,S3,SLEEP
0.214937702622116,S3,SLEEP
-0.144269799299371,S3,SLEEP
-0.197435341231532,S3,SLEEP
-0.495929469595562,S3,SLEEP
-0.229296639937656,S3,SLEEP
-0.0961459272636676,S3,SLEEP
-0.594141045745105,S3,SLEEP
-0.207096422965609,S3,SLEEP
0.217067176020544,S3,SLEEP
0.334292574575917,S3,SLEEP
-0.502924424135993,S3,SLEEP
0.510974025945343,S3,SLEEP
0.214596066776132,S3,SLEEP
-0.509367295035637,S3,SLEEP
-0.195624417676027,S3,SLEEP
0.297746129627647,S3,SLEEP
-0.14493444991165,S3,SLEEP
0.344191395741354,S3,SLEEP
-0.119522269440522,S3,SLEEP
-0.499979399044192,S3,SLEEP
-0.515971914954073,S3,SLEEP
-0.0009505956355997,S3,SLEEP
0.49221796997907,S3,SLEEP
-0.21976697943479,S3,SLEEP
0.401924152595291,S3,SLEEP
-0.164379254799319,S3,SLEEP
0.346909179790371,S3,SLEEP
0.392104097329909,S3,SLEEP
0.135955919009375,S3,SLEEP
0.405999750699315,S3,SLEEP
0.43393907242596,S4,SLEEP
-0.334996693537149,S4,SLEEP
0.362733372006602,S4,SLEEP
0.560996976910014,S4,SLEEP
-0.111977900073413,S4,SLEEP
-0.599177916993202,S4,SLEEP
0.294596112937155,S4,SLEEP
-0.337236253174331,S4,SLEEP
-0.649479536531301,S4,SLEEP
-0.149520171656554,S4,SLEEP
0.361156316226559,S4,SLEEP
0.406614947450994,S4,SLEEP
0.151136967220293,S4,SLEEP
0.233972553217469,S4,SLEEP
-0.027796927364995,S4,SLEEP
-0.35711717637299,S4,SLEEP
-0.556799501295917,S4,SLEEP
-0.419943292297353,S4,SLEEP
-0.499999917903759,S4,SLEEP
0.271293901144646,S4,SLEEP
-0.564670149127595,S4,SLEEP
0.0370094945336345,S4,SLEEP
0.640439665917167,S4,SLEEP
-0.69139624095907,S4,SLEEP
-0.391914392941706,S4,SLEEP
0.35602909794244,S4,SLEEP
-0.177736549294299,S4,SLEEP
-0.223267242475306,S4,SLEEP
-0.477424094769444,S4,SLEEP
-0.247527792192909,S4,SLEEP
-0.173995194506499,S4,SLEEP
-0.512227395903143,S4,SLEEP
-0.221772551217992,S4,SLEEP
0.190916726114473,S4,SLEEP
0.354064113049552,S4,SLEEP
-0.491900595950707,S4,SLEEP
0.490904994920296,S4,SLEEP
0.0967211299052451,S4,SLEEP
-0.573472365190507,S4,SLEEP
-0.321994219712704,S4,SLEEP
0.349951139720217,S4,SLEEP
-0.197121622264742,S4,SLEEP
0.0699365259966699,S4,SLEEP
-0.0331569164396996,S4,SLEEP
-0.562307651940129,S4,SLEEP
-0.55432032976974,S4,SLEEP
0.00637921593132742,S4,SLEEP
0.640747453939006,S4,SLEEP
-0.170207351112501,S4,SLEEP
0.544995309439271,S4,SLEEP
-0.245309599037711,S4,SLEEP
0.340173900539491,S4,SLEEP
0.420201491475733,S4,SLEEP
0.370293546690966,S4,SLEEP
0.335299119060745,S4,SLEEP
0.369419353375629,S5,SLEEP
-0.247906492170279,S5,SLEEP
0.416402769055024,S5,SLEEP
0.59393991900615,S5,SLEEP
-0.141275149724942,S5,SLEEP
-0.576133909629615,S5,SLEEP
0.251097952967939,S5,SLEEP
-0.359115209549634,S5,SLEEP
-0.617916499597906,S5,SLEEP
-0.146737745220604,S5,SLEEP
0.460542999024447,S5,SLEEP
0.326999177561679,S5,SLEEP
0.0736969690061294,S5,SLEEP
0.245262497932534,S5,SLEEP
0.0314630919946655,S5,SLEEP
-0.369692930599769,S5,SLEEP
-0.440227553795434,S5,SLEEP
-0.399179526935706,S5,SLEEP
-0.514991326912974,S5,SLEEP
0.394240924626475,S5,SLEEP
-0.607310599526991,S5,SLEEP
-0.132043979074964,S5,SLEEP
0.653744475459544,S5,SLEEP
-0.692971290239179,S5,SLEEP
-0.460926597917792,S5,SLEEP
0.296039130399357,S5,SLEEP
-0.135335994976319,S5,SLEEP
-0.214915361947596,S5,SLEEP
-0.523555457359604,S5,SLEEP
-0.134245924923205,S5,SLEEP
-0.302999555674495,S5,SLEEP
-0.592629964379909,S5,SLEEP
-0.0922599473925931,S5,SLEEP
0.205219222337013,S5,SLEEP
0.30071199473015,S5,SLEEP
-0.601409709466604,S5,SLEEP
0.670212279171352,S5,SLEEP
0.195229667535263,S5,SLEEP
-0.610931244976421,S5,SLEEP
-0.249912525142999,S5,SLEEP
0.125241796594777,S5,SLEEP
0.0332547595660923,S5,SLEEP
0.324277996354473,S5,SLEEP
-0.199959342749633,S5,SLEEP
-0.504617317505194,S5,SLEEP
-0.529409316091655,S5,SLEEP
-0.0445652603554137,S5,SLEEP
0.593932026524179,S5,SLEEP
-0.0992631647903141,S5,SLEEP
0.50690092454006,S5,SLEEP
-0.247979063616999,S5,SLEEP
0.195914439529995,S5,SLEEP
0.290950996416533,S5,SLEEP
0.199994469934291,S5,SLEEP
0.496930692090439,S5,SLEEP
0.497921034955695,S6,SLEEP
-0.314722506199927,S6,SLEEP
0.271921999659246,S6,SLEEP
0.632709161711946,S6,SLEEP
0.0120599959496557,S6,SLEEP
-0.551246991296466,S6,SLEEP
0.227396633193324,S6,SLEEP
-0.419352275767599,S6,SLEEP
-0.669234920227509,S6,SLEEP
-0.239624173134714,S6,SLEEP
0.295009747290147,S6,SLEEP
0.394310490936952,S6,SLEEP
0.12499633367925,S6,SLEEP
0.112137447016193,S6,SLEEP
-0.109967370344699,S6,SLEEP
-0.300572240242597,S6,SLEEP
-0.590021163374532,S6,SLEEP
-0.394999227344663,S6,SLEEP
-0.353740795445962,S6,SLEEP
0.110190993449254,S6,SLEEP
-0.50671726430999,S6,SLEEP
0.0760374903994709,S6,SLEEP
0.627104990202402,S6,SLEEP
-0.652951907094319,S6,SLEEP
-0.265603334367907,S6,SLEEP
0.359797950623097,S6,SLEEP
-0.207229494341403,S6,SLEEP
-0.192430543755162,S6,SLEEP
-0.452356075934999,S6,SLEEP
-0.319975329023359,S6,SLEEP
-0.223429993999676,S6,SLEEP
-0.37415527190443,S6,SLEEP
-0.120757469929392,S6,SLEEP
0.203634226536936,S6,SLEEP
0.360949206095731,S6,SLEEP
-0.417665517922933,S6,SLEEP
0.531577561197171,S6,SLEEP
-0.102269996759925,S6,SLEEP
-0.614905450533707,S6,SLEEP
-0.309529946992755,S6,SLEEP
0.36043599911927,S6,SLEEP
0.00720010243263094,S6,SLEEP
0.00917669764736299,S6,SLEEP
-0.129969521909064,S6,SLEEP
-0.549020722412602,S6,SLEEP
-0.437913971924249,S6,SLEEP
0.132206794655919,S6,SLEEP
0.590049245401957,S6,SLEEP
-0.175469952934011,S6,SLEEP
0.45526379204071,S6,SLEEP
-0.23919744970334,S6,SLEEP
0.176469016213665,S6,SLEEP
0.492949140523916,S6,SLEEP
0.449949705639209,S6,SLEEP
0.3690919939323,S6,SLEEP
0.371999390914177,S7,SLEEP
-0.267265496014229,S7,SLEEP
0.461516701009159,S7,SLEEP
0.46261592433246,S7,SLEEP
-0.126623555729794,S7,SLEEP
-0.57214133621907,S7,SLEEP
0.22771054747955,S7,SLEEP
-0.455979130941514,S7,SLEEP
-0.547516609991423,S7,SLEEP
-0.122139011012503,S7,SLEEP
0.202495679325993,S7,SLEEP
0.194499916201607,S7,SLEEP
0.220991673356463,S7,SLEEP
0.361994959929791,S7,SLEEP
-0.0274749673930099,S7,SLEEP
-0.317991305393019,S7,SLEEP
-0.375522714707161,S7,SLEEP
-0.502269522791251,S7,SLEEP
-0.555291490575711,S7,SLEEP
0.306999393430622,S7,SLEEP
-0.576214949741016,S7,SLEEP
-0.119032035466103,S7,SLEEP
0.634961974929125,S7,SLEEP
-0.63770176561066,S7,SLEEP
-0.299362957612965,S7,SLEEP
0.340214257019395,S7,SLEEP
-0.0965491974921091,S7,SLEEP
-0.293165275421791,S7,SLEEP
-0.532507471905054,S7,SLEEP
-0.192201651613952,S7,SLEEP
-0.244297414736929,S7,SLEEP
-0.572069399919301,S7,SLEEP
-0.0112579925904295,S7,SLEEP
0.24962767557325,S7,SLEEP
0.463777310975293,S7,SLEEP
-0.499740175905729,S7,SLEEP
0.599694123519122,S7,SLEEP
0.107579433697094,S7,SLEEP
-0.621191205299746,S7,SLEEP
-0.322996709739997,S7,SLEEP
0.191039311727079,S7,SLEEP
-0.0132719942799713,S7,SLEEP
0.275609993725196,S7,SLEEP
-0.31623473024105,S7,SLEEP
-0.617747237709749,S7,SLEEP
-0.536117372479997,S7,SLEEP
0.143955906740441,S7,SLEEP
0.539529529549925,S7,SLEEP
-0.121647555921194,S7,SLEEP
0.390336996991294,S7,SLEEP
-0.209211039179311,S7,SLEEP
0.262915291065494,S7,SLEEP
0.371193021930699,S7,SLEEP
0.177539066614139,S7,SLEEP
0.537770079295453,S7,SLEEP
0.359557909144717,S8,SLEEP
-0.223079797410075,S8,SLEEP
0.443957924923309,S8,SLEEP
0.467973295571959,S8,SLEEP
-0.192746601962491,S8,SLEEP
-0.529677529574122,S8,SLEEP
0.29532099740265,S8,SLEEP
-0.441549091236395,S8,SLEEP
-0.579200740497972,S8,SLEEP
-0.114611249957199,S8,SLEEP
0.359623511377091,S8,SLEEP
0.401911164067394,S8,SLEEP
0.1659123930495,S8,SLEEP
0.202099945919575,S8,SLEEP
0.0197012919967194,S8,SLEEP
-0.343433133255006,S8,SLEEP
-0.479679915511602,S8,SLEEP
-0.405141609694699,S8,SLEEP
-0.497551300649463,S8,SLEEP
0.349202774173114,S8,SLEEP
-0.591350325536771,S8,SLEEP
-0.204416799775923,S8,SLEEP
0.5767997012139,S8,SLEEP
-0.590923409556293,S8,SLEEP
-0.3099510443996,S8,SLEEP
0.333204937456026,S8,SLEEP
-0.160699649029019,S8,SLEEP
-0.135422690099351,S8,SLEEP
-0.522249011134973,S8,SLEEP
-0.296231701194333,S8,SLEEP
-0.0793964321739165,S8,SLEEP
-0.594676709693499,S8,SLEEP
-0.292212436199236,S8,SLEEP
0.152423761192533,S8,SLEEP
0.339694799599153,S8,SLEEP
-0.513410790947735,S8,SLEEP
0.499699720261966,S8,SLEEP
-0.0111912159227059,S8,SLEEP
-0.595009090473017,S8,SLEEP
-0.174493955901199,S8,SLEEP
0.299252377763047,S8,SLEEP
-0.1572936994701,S8,SLEEP
0.297169231024267,S8,SLEEP
-0.0425423390137993,S8,SLEEP
-0.479630119912619,S8,SLEEP
-0.574053562291062,S8,SLEEP
0.161433010410632,S8,SLEEP
0.671731139299094,S8,SLEEP
-0.27791792196052,S8,SLEEP
0.269403299299013,S8,SLEEP
-0.290471979945796,S8,SLEEP
0.457799497999245,S8,SLEEP
0.476163622933999,S8,SLEEP
0.327972913441616,S8,SLEEP
0.229031712191001,S8,SLEEP
0.519513909564962,S9,SLEEP
-0.16935133549974,S9,SLEEP
0.539492992593695,S9,SLEEP
-0.531341917634062,S9,SLEEP
0.0579626420959434,S9,SLEEP
-0.531369219919347,S9,SLEEP
0.449255737320151,S9,SLEEP
-0.3277037129759,S9,SLEEP
-0.622169925994696,S9,SLEEP
0.0510932947911123,S9,SLEEP
0.459257909999925,S9,SLEEP
0.399961714094459,S9,SLEEP
-0.601701155974417,S9,SLEEP
0.362276299956,S9,SLEEP
0.0196654742347722,S9,SLEEP
-0.115041992115333,S9,SLEEP
-0.449457996062752,S9,SLEEP
-0.501494629637199,S9,SLEEP
-0.413367312070794,S9,SLEEP
0.19032932369716,S9,SLEEP
-0.0979327546211444,S9,SLEEP
-0.052957492990924,S9,SLEEP
0.521110444552072,S9,SLEEP
-0.636242203946035,S9,SLEEP
-0.471527994299151,S9,SLEEP
0.212720240635433,S9,SLEEP
-0.432411906471962,S9,SLEEP
-0.323443294991644,S9,SLEEP
-0.37994193191742,S9,SLEEP
-0.430475314976791,S9,SLEEP
-0.027905994392233,S9,SLEEP
-0.555917665726059,S9,SLEEP
-0.257342517939972,S9,SLEEP
0.256231470079901,S9,SLEEP
-0.295635539799776,S9,SLEEP
0.219632714709179,S9,SLEEP
-0.0942496996906655,S9,SLEEP
0.559057933009291,S9,SLEEP
0.905156795976941,S9,SLEEP
0.30377162364092,S9,SLEEP
0.319441201295154,S9,SLEEP
0.0717133159769553,S9,SLEEP
0.204469331439941,S9,SLEEP
-0.349909041729992,S9,SLEEP
-0.496009231999469,S9,SLEEP
-0.591229714279417,S9,SLEEP
0.0457907659229962,S9,SLEEP
0.460579903970455,S9,SLEEP
-0.520420509956444,S9,SLEEP
0.3367579177919,S9,SLEEP
-0.422452935592726,S9,SLEEP
0.421452720350531,S9,SLEEP
0.259162771563122,S9,SLEEP
0.206922010395976,S9,SLEEP
0.106663736039942,S9,SLEEP
0.451906391696626,S10,SLEEP
-0.225996195195091,S10,SLEEP
0.479671120997299,S10,SLEEP
-0.41297365991424,S10,SLEEP
-0.0779919729431731,S10,SLEEP
-0.545305509021932,S10,SLEEP
0.55059979499664,S10,SLEEP
-0.13041315166337,S10,SLEEP
-0.652551104604739,S10,SLEEP
0.00170125409255319,S10,SLEEP
0.361404672505957,S10,SLEEP
0.369295541297671,S10,SLEEP
-0.573906012473799,S10,SLEEP
0.321652904179031,S10,SLEEP
-0.0349604339396931,S10,SLEEP
0.00569090053104354,S10,SLEEP
-0.329364974229966,S10,SLEEP
-0.4664200361124,S10,SLEEP
-0.436927960933252,S10,SLEEP
0.274972646991049,S10,SLEEP
-0.175595477559359,S10,SLEEP
-0.0431109574547193,S10,SLEEP
0.556216439999926,S10,SLEEP
-0.60697305701526,S10,SLEEP
-0.593636209694032,S10,SLEEP
0.270474052620199,S10,SLEEP
-0.267472273672921,S10,SLEEP
-0.291176434927505,S10,SLEEP
-0.453322345455504,S10,SLEEP
-0.356025129606915,S10,SLEEP
-0.0399503927769604,S10,SLEEP
-0.494525640202709,S10,SLEEP
-0.315603479160292,S10,SLEEP
0.247527370702969,S10,SLEEP
-0.2029417105304,S10,SLEEP
0.0944491941639972,S10,SLEEP
-0.013451320123079,S10,SLEEP
0.557519453349629,S10,SLEEP
0.597947334995435,S10,SLEEP
0.393794702456194,S10,SLEEP
0.347462599460992,S10,SLEEP
0.0443497979923599,S10,SLEEP
0.204916599419095,S10,SLEEP
-0.0749706970955365,S10,SLEEP
-0.57727662129624,S10,SLEEP
-0.594612071929752,S10,SLEEP
-0.169739647329943,S10,SLEEP
0.596269365699423,S10,SLEEP
-0.393279699910923,S10,SLEEP
0.415379969425919,S10,SLEEP
-0.494336452919752,S10,SLEEP
0.170429954741264,S10,SLEEP
0.0979599997917747,S10,SLEEP
0.112977663073972,S10,SLEEP
0.134971102097554,S10,SLEEP
0.469504907793651,S2,SLEEP
-0.323204559471611,S2,SLEEP
0.376652339517706,S2,SLEEP
-0.372295000369499,S2,SLEEP
0.0749914434917946,S2,SLEEP
-0.491006032367092,S2,SLEEP
0.414599042941535,S2,SLEEP
0.0305469935559599,S2,SLEEP
-0.656796202997399,S2,SLEEP
-0.135226513029359,S2,SLEEP
0.34513525974519,S2,SLEEP
0.30595157336276,S2,SLEEP
-0.54966524749619,S2,SLEEP
0.416632531023,S2,SLEEP
0.110440626296193,S2,SLEEP
-0.2394193946079,S2,SLEEP
-0.222972141205557,S2,SLEEP
-0.421120495579996,S2,SLEEP
-0.557565353441499,S2,SLEEP
0.190539215330069,S2,SLEEP
-0.104674939426246,S2,SLEEP
-0.0124450074327923,S2,SLEEP
0.705749515797693,S2,SLEEP
-0.699579219096794,S2,SLEEP
-0.579412325901607,S2,SLEEP
0.329520074919996,S2,SLEEP
-0.366299231062913,S2,SLEEP
-0.12476544596211,S2,SLEEP
-0.419477159525653,S2,SLEEP
-0.21724001632997,S2,SLEEP
-0.11927191173435,S2,SLEEP
-0.570236312263046,S2,SLEEP
-0.22957916994211,S2,SLEEP
0.111094599119442,S2,SLEEP
-0.323291590722175,S2,SLEEP
-0.0399959134399344,S2,SLEEP
0.169921437199947,S2,SLEEP
0.271241904679955,S2,SLEEP
0.532019032473499,S2,SLEEP
0.510631502790225,S2,SLEEP
0.271529265569975,S2,SLEEP
-0.097375999349392,S2,SLEEP
0.357314144995554,S2,SLEEP
-0.190492256493439,S2,SLEEP
-0.547997249249297,S2,SLEEP
-0.640560440022664,S2,SLEEP
-0.293319992467939,S2,SLEEP
0.496112465774992,S2,SLEEP
-0.413607316220197,S2,SLEEP
0.623366965340419,S2,SLEEP
-0.373719473699293,S2,SLEEP
0.437461702965621,S2,SLEEP
-0.0929716543159225,S2,SLEEP
0.167259996427232,S2,SLEEP
0.21427134073659,S2,SLEEP
